{"cameraMode":{"drawMode":0,"name":"Shaded","section":"Shading Mode"},"sceneLighting":true,"audioPlay":false,"sceneViewState":{"showFog":true,"showMaterialUpdate":false,"showSkybox":false,"showFlares":true,"showImageEffects":true,"showParticleSystems":true},"in2DMode":false,"pivot":{"x":2.101841449737549,"y":1.3296178579330445,"z":0.7042770385742188},"rotation":{"x":0.0591636598110199,"y":0.8961735367774963,"z":-0.12583325803279878,"w":0.42135339975357058},"size":12.522018432617188,"orthographic":false}