{"cameraMode":{"drawMode":0,"name":"Shaded","section":"Shading Mode"},"sceneLighting":true,"audioPlay":false,"sceneViewState":{"showFog":true,"showMaterialUpdate":false,"showSkybox":true,"showFlares":true,"showImageEffects":true,"showParticleSystems":true},"in2DMode":false,"pivot":{"x":2.601581573486328,"y":-2.427535057067871,"z":-1.1114768981933594},"rotation":{"x":0.00015410610649269074,"y":0.9770826101303101,"z":-0.21285894513130189,"w":0.0008452719775959849},"size":27.805898666381837,"orthographic":false}